isic_id,target
ISIC_0015657,0.97105163
ISIC_0015729,0.16781087
ISIC_0015740,0.034105178
