isic_id,target
ISIC_0015657,0.5537971
ISIC_0015729,0.0172024
ISIC_0015740,0.25365964
