isic_id,target
ISIC_0015657,0.727125
ISIC_0015729,0.11351663
ISIC_0015740,0.3161999
